customer_id,full_name,email,country
1,Constance Enden,cenden0@exblog.jp,China
2,Norma Huntar,nhuntar1@shutterfly.com,China
3,Tracie Naish,tnaish2@epa.gov,Finland
4,Ruprecht Dongate,rdongate3@msn.com,Nigeria
5,Toni Doorbar,tdoorbar4@sina.com.cn,South Africa
6,Tanney Melledy,tmelledy5@washingtonpost.com,Japan
7,Josi Turgoose,jturgoose6@mit.edu,China
8,Latrina Lau,llau7@chronoengine.com,Russia
9,Yul Colebeck,ycolebeck8@dedecms.com,Finland
10,Ferdinanda Blennerhassett,fblennerhassett9@jigsy.com,Japan
11,Loni Folliss,lfollissa@thetimes.co.uk,China
12,Carlie Vickar,cvickarb@hp.com,Brazil
13,Janice Beadle,jbeadlec@wikispaces.com,Dominican Republic
14,Ula Verey,uvereyd@jigsy.com,Norway
15,Gino Torr,gtorre@alexa.com,Indonesia
16,Antonetta Theobald,atheobaldf@livejournal.com,Ukraine
17,Gabriellia Branton,gbrantong@illinois.edu,Kenya
18,Lamont Burl,lburlh@infoseek.co.jp,Philippines
19,Fax Danskine,fdanskinei@sourceforge.net,Myanmar
20,Towney Bachshell,tbachshellj@rambler.ru,United States
21,Francisco Rawcliffe,frawcliffek@naver.com,Indonesia
22,Porter Seczyk,pseczykl@e-recht24.de,Bhutan
23,Whitby Radbourn,wradbournm@miitbeian.gov.cn,Russia
24,Marna Lotherington,mlotheringtonn@forbes.com,Russia
25,Chick Malafe,cmalafeo@a8.net,Haiti
26,Walton Orgel,worgelp@tinyurl.com,Armenia
27,Marten Vint,mvintq@hostgator.com,Greece
28,Bee Judkin,bjudkinr@cnn.com,Russia
29,Allys Shire,ashires@ning.com,Portugal
30,Dorotea Frisdick,dfrisdickt@clickbank.net,Afghanistan
31,Neilla Jacquemard,njacquemardu@bluehost.com,China
32,Johanna Blackman,jblackmanv@bing.com,Russia
33,Dorine Lutzmann,dlutzmannw@dailymail.co.uk,France
34,Berti Masdin,bmasdinx@theatlantic.com,Peru
35,Hesther Ormonde,hormondey@google.cn,Portugal
36,Madge Willment,mwillmentz@dot.gov,Poland
37,Minni Haberfield,mhaberfield10@qq.com,Greece
38,Roy Wilfing,rwilfing11@istockphoto.com,Indonesia
39,Joshuah Raison,jraison12@shutterfly.com,China
40,Aloysia Palmar,apalmar13@senate.gov,Brazil
41,Mic McKaile,mmckaile14@thetimes.co.uk,Russia
42,Jorge Dorcey,jdorcey15@webmd.com,China
43,Marris Andreutti,mandreutti16@rakuten.co.jp,Yemen
44,Marybelle Denson,mdenson17@who.int,Slovenia
45,Joete Stribbling,jstribbling18@gmpg.org,China
46,Robbie Torri,rtorri19@apache.org,Brazil
47,Aurore Andrus,aandrus1a@yellowbook.com,Indonesia
48,Jessamine Goodby,jgoodby1b@amazonaws.com,China
49,Gerardo Wellstood,gwellstood1c@vk.com,China
50,Sarette Mauvin,smauvin1d@reuters.com,Greece
51,Aime Stapleford,astapleford1e@cpanel.net,Portugal
52,Lorrayne Matfield,lmatfield1f@independent.co.uk,Indonesia
53,Bess Matteo,bmatteo1g@google.fr,Haiti
54,Fayth Dampney,fdampney1h@nbcnews.com,Iran
55,Norton Finley,nfinley1i@mapy.cz,Russia
56,Gunther Tribble,gtribble1j@theglobeandmail.com,Lithuania
57,Geoff Nadin,gnadin1k@wordpress.org,Peru
58,Lainey Diable,ldiable1l@phpbb.com,Japan
59,Kaye Crennan,kcrennan1m@msu.edu,Russia
60,Ted Matysiak,tmatysiak1n@bbc.co.uk,China
61,Carlyn Pearmine,cpearmine1o@howstuffworks.com,Argentina
62,Caro Ismail,cismail1p@marketwatch.com,Italy
63,Stanislaus Heimes,sheimes1q@uiuc.edu,Kazakhstan
64,Connie Tsar,ctsar1r@usatoday.com,China
65,Kellina Sparshatt,ksparshatt1s@upenn.edu,China
66,Ado Garratty,agarratty1t@pcworld.com,Indonesia
67,Ty Riddler,triddler1u@kickstarter.com,Malaysia
68,Tabor Kubasek,tkubasek1v@furl.net,China
69,Toinette Snelgar,tsnelgar1w@cornell.edu,Cuba
70,Hendrika Inger,hinger1x@omniture.com,Israel
71,Maren Pimmocke,mpimmocke1y@yelp.com,Argentina
72,Charity Skett,cskett1z@youtube.com,United States
73,Mareah Broose,mbroose20@uiuc.edu,Brazil
74,Leicester Colnett,lcolnett21@bbb.org,Indonesia
75,Godfry Ducaen,gducaen22@paginegialle.it,Indonesia
76,Miriam Akhurst,makhurst23@chronoengine.com,Burkina Faso
77,Katleen Gatrill,kgatrill24@yolasite.com,Russia
78,Scotti Phython,sphython25@hatena.ne.jp,Russia
79,Codie Southall,csouthall26@prnewswire.com,Uganda
80,Titos Josovitz,tjosovitz27@odnoklassniki.ru,China
81,Lewiss Rivard,lrivard28@smh.com.au,Russia
82,Willdon Ziem,wziem29@reverbnation.com,Peru
83,Kevina Commucci,kcommucci2a@discuz.net,Philippines
84,Brianna Antunes,bantunes2b@deviantart.com,China
85,Chlo Harme,charme2c@go.com,Jamaica
86,Janis Hambric,jhambric2d@time.com,South Africa
87,Jonie Bellwood,jbellwood2e@mtv.com,Russia
88,Del Abramovicz,dabramovicz2f@army.mil,Greece
89,Leontine Gilbee,lgilbee2g@engadget.com,Indonesia
90,Cinda Benyon,cbenyon2h@examiner.com,China
91,Jereme Blackburn,jblackburn2i@apache.org,Canada
92,Leonerd Rishman,lrishman2j@ucla.edu,Iran
93,Heall Willmont,hwillmont2k@yandex.ru,Greece
94,Kathlin Hallut,khallut2l@imgur.com,France
95,Micah Bastin,mbastin2m@oracle.com,Sweden
96,Alvan Coils,acoils2n@ovh.net,Brazil
97,Brigit Dayne,bdayne2o@pbs.org,Japan
98,Stephenie Reilingen,sreilingen2p@free.fr,Syria
99,Pren Bentote,pbentote2q@godaddy.com,Indonesia
100,Dani Lehrer,dlehrer2r@digg.com,China
101,Davin Napolitano,dnapolitano2s@cnbc.com,Russia
102,Shelton Jobern,sjobern2t@nih.gov,New Zealand
103,Minne Sambrook,msambrook2u@arizona.edu,Colombia
104,Maura de Juares,mde2v@about.me,Netherlands
105,Bevin Huke,bhuke2w@unesco.org,Croatia
106,Fonz Dorin,fdorin2x@comcast.net,Indonesia
107,Minor Quilligan,mquilligan2y@sourceforge.net,Mexico
108,Poppy Aiston,paiston2z@blogs.com,France
109,Jan Haig,jhaig30@bloglovin.com,Philippines
110,Coletta Postans,cpostans31@mit.edu,Argentina
111,Myrtle Urlin,murlin32@theatlantic.com,Uzbekistan
112,Trenton Nunan,tnunan33@oakley.com,China
113,Addy Reveland,areveland34@dagondesign.com,Nigeria
114,Evvy Decroix,edecroix35@google.it,Brazil
115,Kincaid Esseby,kesseby36@dagondesign.com,China
116,Bryn MacGillivray,bmacgillivray37@amazonaws.com,China
117,Justino Ruggen,jruggen38@reuters.com,Libya
118,Aime Gulston,agulston39@blogspot.com,Russia
119,Noella Sedgman,nsedgman3a@china.com.cn,Ivory Coast
120,Darryl Kolin,dkolin3b@buzzfeed.com,Philippines
121,Arman Trench,atrench3c@europa.eu,Indonesia
122,Pennie Onele,ponele3d@google.es,Nigeria
123,Gael Lambole,glambole3e@google.pl,Poland
124,Ekaterina Chezier,echezier3f@networksolutions.com,Malaysia
125,Edithe Helsby,ehelsby3g@reverbnation.com,Armenia
126,Austina Simonian,asimonian3h@slate.com,Armenia
127,Modesty MacGarrity,mmacgarrity3i@devhub.com,Kenya
128,Horten Brilleman,hbrilleman3j@wikia.com,China
129,Davide Zecchii,dzecchii3k@ucla.edu,United States
130,Happy McCloch,hmccloch3l@parallels.com,Philippines
131,Niccolo Frostdick,nfrostdick3m@freewebs.com,Japan
132,Annabelle Shortan,ashortan3n@google.co.jp,Morocco
133,Giff Begwell,gbegwell3o@opera.com,China
134,Lyndsay Follet,lfollet3p@nature.com,Philippines
135,Dulsea Hestrop,dhestrop3q@toplist.cz,China
136,Tracey Bellhouse,tbellhouse3r@pcworld.com,Russia
137,Cliff Haucke,chaucke3s@technorati.com,Ukraine
138,Jeramey Spratley,jspratley3t@163.com,Argentina
139,Berget Esplin,besplin3u@jugem.jp,Andorra
140,Reeta Morgue,rmorgue3v@typepad.com,Gambia
141,Dukey Brosoli,dbrosoli3w@businessweek.com,United States
142,Austen Dellenbach,adellenbach3x@yahoo.com,Indonesia
143,Clerissa Benedite,cbenedite3y@latimes.com,South Africa
144,Juliana Dunsford,jdunsford3z@wix.com,Indonesia
145,Evvie Turnbull,eturnbull40@opensource.org,Russia
146,Winny Suche,wsuche41@blogspot.com,Sweden
147,Wilfred Kubista,wkubista42@digg.com,China
148,Shanan Matovic,smatovic43@barnesandnoble.com,Barbados
149,Alexandre Clappison,aclappison44@ycombinator.com,Indonesia
150,Larisa Haycraft,lhaycraft45@smugmug.com,China
151,Darlleen Cordall,dcordall46@google.it,Azerbaijan
152,Elicia Freathy,efreathy47@bing.com,Croatia
153,Andrea Plaschke,aplaschke48@friendfeed.com,Dominican Republic
154,Maitilde Medland,mmedland49@sun.com,Peru
155,Reamonn Blesli,rblesli4a@timesonline.co.uk,Russia
156,Falkner Permain,fpermain4b@wix.com,China
157,Neal Gurg,ngurg4c@desdev.cn,Russia
158,Jack Cordoba,jcordoba4d@google.cn,Germany
159,Bancroft Mackin,bmackin4e@vistaprint.com,Colombia
160,Rick Crepin,rcrepin4f@cisco.com,China
161,Leandra Taberner,ltaberner4g@bloglines.com,Jamaica
162,Sabra Dukesbury,sdukesbury4h@pagesperso-orange.fr,Japan
163,Kinny Clatworthy,kclatworthy4i@berkeley.edu,Guatemala
164,Hinze Dannatt,hdannatt4j@theguardian.com,Cuba
165,Fancie Sunley,fsunley4k@linkedin.com,China
166,Justina Titta,jtitta4l@illinois.edu,China
167,Jolyn Gave,jgave4m@list-manage.com,China
168,Laurena Ronaldson,lronaldson4n@google.co.jp,Portugal
169,Bobbie Rolfini,brolfini4o@meetup.com,Portugal
170,Elfie Bryson,ebryson4p@smh.com.au,Vietnam
171,Klaus Probate,kprobate4q@github.com,Gambia
172,Tabb Gioani,tgioani4r@qq.com,Tanzania
173,Tedmund Jovasevic,tjovasevic4s@addtoany.com,France
174,Cristian Swayland,cswayland4t@reverbnation.com,Poland
175,Tommie Readings,treadings4u@mail.ru,China
176,Linoel Hansana,lhansana4v@twitpic.com,Czech Republic
177,Matteo McAw,mmcaw4w@ning.com,Sweden
178,Ursulina Paolacci,upaolacci4x@hao123.com,Nigeria
179,Bone Wix,bwix4y@artisteer.com,China
180,Zeke Peckham,zpeckham4z@wiley.com,Greece
181,Corbie Wheatland,cwheatland50@reverbnation.com,Indonesia
182,Dionis Birrane,dbirrane51@privacy.gov.au,China
183,Ozzie Dorbon,odorbon52@dmoz.org,Madagascar
184,Damita Lacoste,dlacoste53@washingtonpost.com,Russia
185,Freeman Borg,fborg54@netlog.com,China
186,Addie Licciardi,alicciardi55@geocities.jp,China
187,Isabeau Ferraraccio,iferraraccio56@gravatar.com,Russia
188,Trent Snugg,tsnugg57@rediff.com,Sweden
189,Kathlin Gors,kgors58@google.it,Portugal
190,Katya Hartgill,khartgill59@com.com,El Salvador
191,Cesya Thredder,cthredder5a@tamu.edu,Indonesia
192,Giuditta Mascall,gmascall5b@adobe.com,Belarus
193,Nata Spaldin,nspaldin5c@oakley.com,Philippines
194,Isabelita Kubes,ikubes5d@bloomberg.com,Russia
195,Bailie Husher,bhusher5e@example.com,Poland
196,Boote Hammelberg,bhammelberg5f@ameblo.jp,South Korea
197,Carmelina Knight,cknight5g@histats.com,China
198,Ahmad De Gregoli,ade5h@chron.com,Brazil
199,Michail Ardy,mardy5i@youku.com,China
200,Zebulon Field,zfield5j@bluehost.com,Ireland
201,Victoria Maddern,vmaddern5k@kickstarter.com,Brazil
202,Delmar Brideau,dbrideau5l@gnu.org,Argentina
203,Lemmie Derycot,lderycot5m@addthis.com,Uganda
204,Omero Huggard,ohuggard5n@stumbleupon.com,Colombia
205,Alyosha Brattan,abrattan5o@aol.com,Philippines
206,Stormie Schiesterl,sschiesterl5p@dion.ne.jp,Russia
207,Vivie Pretor,vpretor5q@si.edu,China
208,Wallis McNeigh,wmcneigh5r@zdnet.com,Brazil
209,Miran Clemenzo,mclemenzo5s@simplemachines.org,Canada
210,Reta Mawne,rmawne5t@google.de,Portugal
211,Nigel Melburg,nmelburg5u@behance.net,Indonesia
212,Efrem Sotheron,esotheron5v@springer.com,Ukraine
213,Lindy McGarvey,lmcgarvey5w@4shared.com,Kazakhstan
214,Nari Challoner,nchalloner5x@nsw.gov.au,Russia
215,Waylon McCutcheon,wmccutcheon5y@etsy.com,Russia
216,Evangelia Palke,epalke5z@ucoz.com,Niger
217,Kingston Baudacci,kbaudacci60@apple.com,China
218,Rosaline Heggadon,rheggadon61@msu.edu,Chile
219,Bria Brandino,bbrandino62@netlog.com,Sudan
220,Yves Wasling,ywasling63@redcross.org,United States
221,Frazer Tommasetti,ftommasetti64@guardian.co.uk,China
222,Rheba Abrey,rabrey65@ucsd.edu,China
223,Livy Pittwood,lpittwood66@google.it,China
224,Meier Cowin,mcowin67@hc360.com,Sweden
225,Jeramie Craster,jcraster68@who.int,Mexico
226,Zulema Luparto,zluparto69@so-net.ne.jp,Ukraine
227,Broderic Dumingos,bdumingos6a@google.com.hk,Brazil
228,Pauly Crew,pcrew6b@nature.com,Philippines
229,Oralie Tuson,otuson6c@creativecommons.org,Russia
230,Aurie Cassells,acassells6d@51.la,Sweden
231,Erick Flux,eflux6e@unicef.org,Portugal
232,Peder Stoodale,pstoodale6f@cornell.edu,Japan
233,Moria Gretham,mgretham6g@domainmarket.com,Luxembourg
234,Gladys Forth,gforth6h@sfgate.com,Peru
235,Remus Alessandone,ralessandone6i@e-recht24.de,Ukraine
236,Berti Kyberd,bkyberd6j@biglobe.ne.jp,Japan
237,Seymour Nineham,snineham6k@ca.gov,Brazil
238,Heddi Menico,hmenico6l@slashdot.org,Indonesia
239,Toby Gerdes,tgerdes6m@cmu.edu,Portugal
240,Martelle Massimo,mmassimo6n@mysql.com,China
241,Gerrilee Alfuso,galfuso6o@amazon.de,Indonesia
242,Rosa Lethebridge,rlethebridge6p@examiner.com,Poland
243,Rivi Achromov,rachromov6q@github.io,China
244,Willabella Pyffe,wpyffe6r@canalblog.com,Czech Republic
245,Moreen Wonter,mwonter6s@prweb.com,China
246,Tamera Matteotti,tmatteotti6t@smugmug.com,Uganda
247,Chickie Simmance,csimmance6u@quantcast.com,Canada
248,Bear Dick,bdick6v@booking.com,Indonesia
249,Dulciana Szymonwicz,dszymonwicz6w@cnet.com,Venezuela
250,Gale Hunnywell,ghunnywell6x@guardian.co.uk,Indonesia
251,Daisie Mattheis,dmattheis6y@github.io,Indonesia
252,Bridgette Kearford,bkearford6z@over-blog.com,China
253,Alfie Morrid,amorrid70@toplist.cz,Serbia
254,Derron Harrowsmith,dharrowsmith71@vimeo.com,Portugal
255,Gibbie Anderson,ganderson72@craigslist.org,Indonesia
256,Karleen Cossins,kcossins73@unesco.org,Afghanistan
257,Emmy Weall,eweall74@oakley.com,Nicaragua
258,Misti Kellet,mkellet75@naver.com,Pakistan
259,Shelia Jedrzejczak,sjedrzejczak76@nhs.uk,Poland
260,Vincenz Hardes,vhardes77@prweb.com,Malaysia
261,Terrill Coldbath,tcoldbath78@ibm.com,France
262,Marje Retallick,mretallick79@nytimes.com,Russia
263,Gloria Haucke,ghaucke7a@networksolutions.com,Philippines
264,Bette-ann Yeomans,byeomans7b@oakley.com,France
265,Stormy Beaumont,sbeaumont7c@multiply.com,Portugal
266,Garfield Scola,gscola7d@amazonaws.com,Philippines
267,Carlos Deshorts,cdeshorts7e@washington.edu,Mexico
268,Giacobo Aldam,galdam7f@plala.or.jp,Mexico
269,Douglas Quaintance,dquaintance7g@nydailynews.com,China
270,De Goody,dgoody7h@nbcnews.com,China
271,Marilee Espasa,mespasa7i@chron.com,China
272,Burt Dufour,bdufour7j@ox.ac.uk,Bosnia and Herzegovina
273,Terry Drohan,tdrohan7k@nps.gov,Philippines
274,Vina Breagan,vbreagan7l@apple.com,Indonesia
275,Heddi Fernant,hfernant7m@state.tx.us,China
276,Ulick Fennelly,ufennelly7n@constantcontact.com,Ivory Coast
277,Jodee Southon,jsouthon7o@linkedin.com,Japan
278,Baillie Ambrozewicz,bambrozewicz7p@opera.com,Czech Republic
279,Fan Maier,fmaier7q@cbslocal.com,Malaysia
280,Andeee Fydo,afydo7r@github.io,China
281,Berenice Arangy,barangy7s@freewebs.com,China
282,Woodman Bordis,wbordis7t@cnn.com,China
283,Marisa Hargey,mhargey7u@nps.gov,Brazil
284,Marilyn Dilleston,mdilleston7v@forbes.com,Brazil
285,Immanuel Beseke,ibeseke7w@google.com,Sweden
286,Michale Tolemache,mtolemache7x@bigcartel.com,Egypt
287,Gayelord Charrisson,gcharrisson7y@merriam-webster.com,Tanzania
288,Waverly Okey,wokey7z@google.es,Brazil
289,Korie Tattershaw,ktattershaw80@cdbaby.com,China
290,Rosina Andrysek,randrysek81@addthis.com,Portugal
291,Joceline McClure,jmcclure82@geocities.com,Albania
292,Jessalyn Follos,jfollos83@cbc.ca,France
293,Linc Amberg,lamberg84@nationalgeographic.com,Sri Lanka
294,Daron Danielsson,ddanielsson85@tiny.cc,Egypt
295,Sherlocke Cozens,scozens86@ted.com,Russia
296,Yolanda Bellam,ybellam87@nhs.uk,China
297,Gary Martel,gmartel88@imageshack.us,Luxembourg
298,Norah Nalder,nnalder89@cpanel.net,Japan
299,Alexandro Abels,aabels8a@indiatimes.com,Netherlands
300,Nesta Clemonts,nclemonts8b@yahoo.com,China
301,Arch Van der Merwe,avan8c@dagondesign.com,Poland
302,Hilliard Giovanni,hgiovanni8d@wired.com,China
303,Simone Biasioni,sbiasioni8e@hexun.com,Indonesia
304,Mercy Melia,mmelia8f@noaa.gov,Iran
305,Emlyn Benardeau,ebenardeau8g@columbia.edu,Portugal
306,Arlie Selburn,aselburn8h@acquirethisname.com,Macedonia
307,Heath Jamot,hjamot8i@gnu.org,Brazil
308,Eliot Beccero,ebeccero8j@trellian.com,Vietnam
309,Keelia Kingsman,kkingsman8k@theguardian.com,Poland
310,Ted Jobern,tjobern8l@wikia.com,China
311,Loria Bucknall,lbucknall8m@huffingtonpost.com,Sweden
312,Charlotta Goldson,cgoldson8n@seesaa.net,Tunisia
313,Madge Gerge,mgerge8o@seattletimes.com,Thailand
314,Johnathon Sancraft,jsancraft8p@etsy.com,United States
315,Donnamarie Hollow,dhollow8q@imageshack.us,Indonesia
316,Sonnie Sommerland,ssommerland8r@nydailynews.com,Philippines
317,Flor Innwood,finnwood8s@sogou.com,Macedonia
318,Blaine Welfair,bwelfair8t@smh.com.au,Thailand
319,Padgett Orange,porange8u@cam.ac.uk,Vietnam
320,Rodina Faunch,rfaunch8v@mozilla.com,Pakistan
321,Lyndy McElvogue,lmcelvogue8w@home.pl,Indonesia
322,Marje Topper,mtopper8x@reference.com,Wallis and Futuna
323,Tandi Pendered,tpendered8y@php.net,Kosovo
324,Tessie Rajchert,trajchert8z@facebook.com,China
325,Brigit Schoolcroft,bschoolcroft90@google.de,Uganda
326,Brewster Goullee,bgoullee91@simplemachines.org,Brazil
327,Milt Pomfrey,mpomfrey92@cpanel.net,China
328,Alix Boylund,aboylund93@mediafire.com,Indonesia
329,Brigitte Musselwhite,bmusselwhite94@wunderground.com,Indonesia
330,Willyt Clowney,wclowney95@bluehost.com,Tanzania
331,Horatius Brood,hbrood96@prnewswire.com,Poland
332,Shelbi Binley,sbinley97@oaic.gov.au,Croatia
333,Mil Christer,mchrister98@adobe.com,China
334,Nanette Slater,nslater99@unblog.fr,Poland
335,Shae Vant,svant9a@infoseek.co.jp,Indonesia
336,Tammy Rowntree,trowntree9b@archive.org,Philippines
337,Kata Alenichicov,kalenichicov9c@hubpages.com,China
338,Dorella Buss,dbuss9d@hp.com,Palestinian Territory
339,Billi Siegertsz,bsiegertsz9e@i2i.jp,Brazil
340,Heida Rooksby,hrooksby9f@ovh.net,China
341,Bea Manske,bmanske9g@salon.com,Angola
342,Denis Hayto,dhayto9h@biblegateway.com,China
343,Lira Oty,loty9i@imdb.com,China
344,Cherilyn Swancott,cswancott9j@wikipedia.org,Iceland
345,Conny Camies,ccamies9k@ow.ly,Costa Rica
346,Dela Filippone,dfilippone9l@dailymotion.com,Palestinian Territory
347,Una MacCahee,umaccahee9m@hugedomains.com,Lesotho
348,Nariko McIlvaney,nmcilvaney9n@clickbank.net,China
349,Gail Wabb,gwabb9o@google.cn,Vietnam
350,Dorice Ferronet,dferronet9p@acquirethisname.com,Japan
351,Joeann Whitney,jwhitney9q@oakley.com,Poland
352,Sianna Squibe,ssquibe9r@g.co,Panama
353,Ranee Nicklinson,rnicklinson9s@engadget.com,Albania
354,Leonerd Kringe,lkringe9t@yolasite.com,China
355,Dasya Barraclough,dbarraclough9u@seattletimes.com,Serbia
356,Constantia Moynham,cmoynham9v@topsy.com,Kazakhstan
357,Colas Amthor,camthor9w@google.cn,Morocco
358,Cornela Salle,csalle9x@businessinsider.com,China
359,Douglass Dawkes,ddawkes9y@ed.gov,Slovenia
360,Justina Lacy,jlacy9z@seesaa.net,China
361,Neil Ghion,nghiona0@columbia.edu,Brazil
362,Enriqueta Yurygyn,eyurygyna1@imageshack.us,Vietnam
363,Fritz Edsall,fedsalla2@opensource.org,Indonesia
364,Agna Finlow,afinlowa3@1688.com,Dominican Republic
365,Ellyn Mowen,emowena4@earthlink.net,Canada
366,Nolana Abbotts,nabbottsa5@slideshare.net,Mongolia
367,Michaeline Tregian,mtregiana6@buzzfeed.com,Ukraine
368,Erhard Symondson,esymondsona7@wunderground.com,Japan
369,Silvano Clopton,scloptona8@imageshack.us,Netherlands
370,Freddi Sam,fsama9@biblegateway.com,Paraguay
371,Kirbie Ambrus,kambrusaa@fda.gov,France
372,Alfreda Bothie,abothieab@sogou.com,China
373,Susanetta Casiroli,scasiroliac@unicef.org,Russia
374,Aryn Hawken,ahawkenad@amazonaws.com,China
375,Alvinia Brelsford,abrelsfordae@xinhuanet.com,Netherlands
376,Glory Caddock,gcaddockaf@mtv.com,Russia
377,Miguela Houndson,mhoundsonag@hugedomains.com,Poland
378,Kaela Hendren,khendrenah@joomla.org,Ukraine
379,Nahum Varrow,nvarrowai@amazon.de,United Kingdom
380,Yul Nelthropp,ynelthroppaj@imdb.com,Russia
381,Maryl Jeandot,mjeandotak@e-recht24.de,Portugal
382,Bevin Gras,bgrasal@nih.gov,Brazil
383,Cherrita Meneyer,cmeneyeram@a8.net,Chile
384,Joshia Twitching,jtwitchingan@weibo.com,Kazakhstan
385,Phedra O'Dooghaine,podooghaineao@weibo.com,Sweden
386,Boony Wardrope,bwardropeap@huffingtonpost.com,China
387,Basile Batalini,bbataliniaq@ebay.co.uk,Philippines
388,Olivia Wackett,owackettar@imgur.com,Indonesia
389,Tomasine Labon,tlabonas@myspace.com,Afghanistan
390,Agnesse Learoid,alearoidat@opensource.org,Peru
391,Brenn Colcomb,bcolcombau@is.gd,Japan
392,Denna Oldnall,doldnallav@youtu.be,Brazil
393,Barnabas Bissell,bbissellaw@bluehost.com,Philippines
394,Johnny Gerrish,jgerrishax@tmall.com,Poland
395,Ciro Badsey,cbadseyay@house.gov,China
396,Austin Shilburne,ashilburneaz@usa.gov,France
397,Gleda Pickerell,gpickerellb0@delicious.com,China
398,Isis Skitterel,iskitterelb1@bravesites.com,Russia
399,Melonie Berni,mbernib2@arstechnica.com,United Kingdom
400,Mendel Comiskey,mcomiskeyb3@jimdo.com,Poland
401,Toby Pegram,tpegramb4@umich.edu,Palestinian Territory
402,Kleon Bydaway,kbydawayb5@w3.org,United States
403,Lemmy Troyes,ltroyesb6@nifty.com,Poland
404,Kyle Mitroshinov,kmitroshinovb7@hubpages.com,China
405,Mab Mannooch,mmannoochb8@sourceforge.net,Portugal
406,Carolin Edwins,cedwinsb9@addthis.com,Indonesia
407,Neil Hardison,nhardisonba@xing.com,Croatia
408,Kahaleel McCarney,kmccarneybb@seattletimes.com,China
409,Sidney Elms,selmsbc@time.com,Indonesia
410,Ealasaid Esslemont,eesslemontbd@cpanel.net,Serbia
411,Leeland Errol,lerrolbe@sitemeter.com,Indonesia
412,Gaby Frayn,gfraynbf@is.gd,Japan
413,Miguelita McLaggan,mmclagganbg@youku.com,Portugal
414,Flin Beccles,fbecclesbh@redcross.org,China
415,Edlin O'Dunneen,eodunneenbi@boston.com,France
416,Zea Piercy,zpiercybj@twitpic.com,Indonesia
417,Ganny Longworthy,glongworthybk@google.it,Indonesia
418,Ivor Larderot,ilarderotbl@dmoz.org,China
419,Cordell Maccrie,cmaccriebm@nps.gov,Russia
420,Abbye Clutten,acluttenbn@nhs.uk,Luxembourg
421,Brynn Belf,bbelfbo@state.tx.us,China
422,Cherice Muffin,cmuffinbp@aboutads.info,Serbia
423,Radcliffe Ivashnyov,rivashnyovbq@yandex.ru,Argentina
424,Kriste Fenix,kfenixbr@businessinsider.com,Philippines
425,Bidget Lantiff,blantiffbs@seattletimes.com,China
426,Kacy Cumberbatch,kcumberbatchbt@deliciousdays.com,China
427,Joan Nerheny,jnerhenybu@networksolutions.com,Cuba
428,Owen Wells,owellsbv@shutterfly.com,Indonesia
429,Carver Romney,cromneybw@princeton.edu,Portugal
430,Mord Jeannequin,mjeannequinbx@sciencedirect.com,Brazil
431,Lionello Teggart,lteggartby@samsung.com,Philippines
432,Daron Bengochea,dbengocheabz@issuu.com,China
433,Tracie Verlander,tverlanderc0@sun.com,Portugal
434,Sully Flannery,sflanneryc1@google.com,Ukraine
435,Irene Dupre,iduprec2@bandcamp.com,Czech Republic
436,Fidelio Hemms,fhemmsc3@wikipedia.org,Cape Verde
437,Glenda Gurling,ggurlingc4@artisteer.com,Libya
438,Griz Syphus,gsyphusc5@desdev.cn,Peru
439,Kimball Dauney,kdauneyc6@edublogs.org,Poland
440,Allistir Arniz,aarnizc7@mit.edu,Palestinian Territory
441,Chrystal Stainson,cstainsonc8@blogtalkradio.com,Philippines
442,Katerine Woolens,kwoolensc9@reddit.com,Indonesia
443,Franny Swadlen,fswadlenca@senate.gov,Costa Rica
444,Orlan MacAnellye,omacanellyecb@tinypic.com,China
445,Caryn Stuther,cstuthercc@tinyurl.com,Russia
446,Vite Abbey,vabbeycd@msn.com,China
447,Brendin Stokey,bstokeyce@imdb.com,Mongolia
448,Mehetabel Wheldon,mwheldoncf@deviantart.com,Russia
449,Isis Hammerstone,ihammerstonecg@dell.com,Ukraine
450,Rochester Braidon,rbraidonch@toplist.cz,China
451,Shermy Yarnley,syarnleyci@wordpress.com,Indonesia
452,Agatha Enriquez,aenriquezcj@instagram.com,Philippines
453,Shel Birchall,sbirchallck@vistaprint.com,China
454,Raimondo Graben,rgrabencl@businessinsider.com,Philippines
455,Skell Wilkin,swilkincm@cbc.ca,China
456,Dov McGenn,dmcgenncn@abc.net.au,Bosnia and Herzegovina
457,Orelia Toohey,otooheyco@princeton.edu,Sweden
458,Trueman Darbyshire,tdarbyshirecp@cornell.edu,China
459,Nani Boardman,nboardmancq@jigsy.com,Botswana
460,Madelle Van De Cappelle,mvancr@ehow.com,Venezuela
461,Maureen Dawley,mdawleycs@tiny.cc,Argentina
462,Cloris Trevon,ctrevonct@stanford.edu,Indonesia
463,Kareem Yetts,kyettscu@vkontakte.ru,Iran
464,Stacy Hogbourne,shogbournecv@naver.com,China
465,Ira Mateja,imatejacw@oracle.com,Czech Republic
466,Patsy Gallear,pgallearcx@sphinn.com,Panama
467,Franny Velti,fvelticy@rakuten.co.jp,Moldova
468,Shermie Fleming,sflemingcz@nasa.gov,Peru
469,Constantine Shergill,cshergilld0@google.ru,Indonesia
470,Christye Charnick,ccharnickd1@adobe.com,Botswana
471,Yevette Paynter,ypaynterd2@epa.gov,Indonesia
472,Dianne Goudy,dgoudyd3@cargocollective.com,China
473,Shay McKenna,smckennad4@freewebs.com,Canada
474,Garvy Turfrey,gturfreyd5@toplist.cz,Thailand
475,Camella Weavers,cweaversd6@bluehost.com,Poland
476,Garald Tompsett,gtompsettd7@ft.com,Indonesia
477,Dede Bonnefin,dbonnefind8@blogger.com,Russia
478,Birgit Yandle,byandled9@virginia.edu,Indonesia
479,Kiah Turpin,kturpinda@printfriendly.com,Portugal
480,Millicent Langfitt,mlangfittdb@bluehost.com,Cuba
481,Evangelina Powderham,epowderhamdc@cbsnews.com,Canada
482,Gregoire Caudelier,gcaudelierdd@google.com.hk,Bosnia and Herzegovina
483,Chance Laterza,claterzade@w3.org,South Korea
484,Kendrick Brodest,kbrodestdf@xrea.com,Indonesia
485,Ingemar Affleck,iaffleckdg@smugmug.com,Democratic Republic of the Congo
486,Ciel Picard,cpicarddh@cdc.gov,Russia
487,Ben Thoumasson,bthoumassondi@ucoz.ru,Reunion
488,Wenda Daveren,wdaverendj@behance.net,China
489,Jennie Gromley,jgromleydk@forbes.com,China
490,Ced Fernandez,cfernandezdl@wikia.com,Philippines
491,Christophorus Ixer,cixerdm@imgur.com,Peru
492,Inez Tregenza,itregenzadn@cmu.edu,Colombia
493,Muhammad Baseley,mbaseleydo@huffingtonpost.com,France
494,Jobyna Somerlie,jsomerliedp@free.fr,China
495,Mechelle Girardin,mgirardindq@google.ru,Myanmar
496,Rosalind Storrar,rstorrardr@reference.com,Sweden
497,Maren Tesyro,mtesyrods@miibeian.gov.cn,Brazil
498,Elisha Bolzmann,ebolzmanndt@discuz.net,China
499,Kort Diggens,kdiggensdu@ihg.com,China
500,Baird Attride,battridedv@apache.org,Czech Republic
