order_id,customer_id,product_name,sale_amount,order_date
1,383,Self-Adhesive Wallpaper,1029.48,2025-03-15
2,485,Casual Long Cardigan,4472.73,2025-09-19
3,427,Luxury Rolling Makeup Case,3648.16,2025-01-03
4,152,Digital Voice Recorder,496.83,2025-08-13
5,540,Athletic Compression Tights,539.63,
6,298,Summer Tank Dress,1767.26,2025-12-31
7,67,Chickpeas,542.58,2025-08-04
8,184,Laundry Detergent,20.7,2025-11-27
9,18,Spicy Snack Mix,749.8,2025-09-02
10,397,Vegetarian Chili,97.34,2025-02-15
11,273,Multi-Tool,4869.5,2025-05-18
12,260,Herbed Goat Cheese,4914.94,2025-02-25
13,71,Premium Flashlight,361.75,2025-01-03
14,515,Solar Garden Lights,2107.38,
15,511,Classic Black Dress,1642.07,2025-02-02
16,131,Organic Cereal Bars,1175.39,2025-12-31
17,180,Woven Storage Baskets,337.07,2025-02-23
18,340,Portable Pet Pooper Scooper,3710.57,2025-09-14
19,152,Nutritional Yeast,4923.2,2025-05-10
20,160,Smoked Salmon,307.78,2025-01-22
21,397,Frozen Mixed Vegetables,3420.09,2025-02-17
22,518,Travel Beach Blanket,634.72,2025-07-20
23,488,Sporty Cap,4470.32,2025-06-21
24,194,Spice Rack,292.51,2025-06-24
25,441,Mini Fondue Set,628.02,2025-05-02
26,103,Coconut Bowls Set,2394.47,2025-06-20
27,377,Magnetic Whiteboard,429.21,2025-09-18
28,151,Maple Glazed Carrots,1550.54,2025-04-11
29,240,Decorative Throw Pillows,3996.7,2025-12-19
30,96,Dark Chocolate Covered Almonds,2814.17,2025-04-26
31,180,Chili Garlic Sauce,1960.76,2025-05-30
32,132,Smashed Avocado with Lime,872.55,2025-08-23
33,204,Rolling Cooler,73.23,2025-02-02
34,161,High-Top Leather Boots,,2025-02-21
35,264,Adjustable Bar Stools,427.76,2025-05-23
36,229,Graphic Print Leggings,3814.16,2025-09-30
37,542,Ultra-Thin Laptop Sleeve,1098.52,2025-02-03
38,15,Crispy Potato Tots,4369.82,2025-05-19
39,330,Garlic & Herb Goat Cheese,1426.57,2025-06-07
40,103,Home Karaoke System,,2025-09-22
41,236,Cotton Sweatpants,2745.83,
42,540,Peach Halves (canned),4208.45,2025-04-07
43,29,Oven Mitts,3676.91,2025-04-04
44,404,Multi-Purpose Marine Rope,4933.65,2025-11-02
45,539,Classic Pumps,2441.36,2025-11-08
46,371,Durable Hiking Boots,4890.84,2025-02-19
47,380,Vegetable Pizza Rolls,2189.31,2025-09-20
48,428,Electric Milk Frother,2234.67,2025-02-20
49,495,Wall-Mounted Organizer,4278.02,2025-07-07
50,356,Travel Organizer,3324.39,
51,215,Tattoo Kit,4650.43,2025-10-30
52,20,Travel Organizer,353.37,2025-01-17
53,400,Sketchbook,2056.3,2025-03-06
54,379,Emergency Preparedness Kit,4042.62,2025-03-13
55,376,Almond Flour Brownies,3250.29,2025-04-09
56,519,Chickpea Pasta,4447.23,2025-01-14
57,538,Caribbean Jerk Marinade,4972.22,2025-06-21
58,438,Chicken Broth,2479.96,2025-03-12
59,82,Vegetable Stir-Fry Kit,4347.24,2025-11-25
60,162,Avocado Lime Dressing,3218.8,2025-11-10
61,304,Casual Sneakers,1252.76,2025-05-16
62,366,Cushion Covers,1415.44,2025-04-26
63,529,Green Smoothie Mix,2720.88,2025-06-27
64,310,Garden Vegetable Soup,4981.92,2025-11-16
65,505,Portable Air Conditioner,1320.22,2025-05-28
66,71,Honey Sesame Chicken Mix,3400.63,2025-10-09
67,301,Electric Bike,284.42,2025-10-20
68,253,Pet Safety Belt for Car,260.41,2025-09-19
69,119,Orange Ginger Vinaigrette,3963.95,2025-09-11
70,108,Chino Shorts,3254.32,2025-10-21
71,458,Natural Fruit Snacks,1913.38,2025-12-20
72,160,Organic Black Bean Burger,137.84,2025-01-10
73,259,Sweet Potato Tots,4083.69,2025-12-11
74,441,Luminous Night Light,523.57,2025-04-04
75,13,Coloring Books for Adults,3206.88,2025-01-01
76,251,Sourdough Bread,199.34,
77,337,Greek Yogurt Parfait,4997.15,2025-05-17
78,216,Portable Bluetooth Speaker,64.21,2025-07-08
79,28,LED Strip Lights Kit,2493.53,2025-03-25
80,85,Vegetable Broth,525.79,2025-11-03
81,419,Sports Windbreaker,3777.36,2025-01-23
82,387,DIY Lip Balm Making Kit,3277.13,2025-02-07
83,338,Personalized Pet ID Tags,2524.65,2025-01-08
84,11,Slingback Sandals,3054.15,2025-03-24
85,82,Pepperoni Pizza Roll-Ups,841.48,2025-01-25
86,321,Honey Sesame Cashews,1458.89,2025-10-31
87,502,Sunglasses,2553.44,2025-09-27
88,8,Mini Pretzels,1526.34,2025-03-31
89,15,Barbecue Chicken Pizza,1771.39,2025-02-05
90,440,Smartphone Gimbal Stabilizer,3441.46,2025-09-22
91,512,Portable Hammock,73.21,2025-06-22
92,70,Sports Water Bottle with Infuser,1277.1,2025-02-10
93,433,Sunglasses,1413.15,2025-05-01
94,11,Gardening Fairy Figurines,1952.01,2025-10-01
95,152,Honey Mustard Chicken Breasts,2787.61,2025-04-29
96,428,Sooji (Semolina),3292.93,2025-01-15
97,54,Lemon Basil Pasta Sauce,791.83,2025-05-27
98,226,Electric Air Pump,1183.53,2025-10-05
99,384,Caramel Apple Chips,3099.85,2025-02-23
100,34,Portable Speaker Stand,2665.94,2025-05-13
101,413,Garden Vegetable Soup,1496.27,2025-01-03
102,9,Gluten-Free Bread,3132.19,2025-08-21
103,67,Garlic Herb Cream Cheese,2127.0,2025-02-18
104,249,Portable Charger with Solar Panel,1353.8,2025-12-23
105,501,Chocolate Dipped Fruit,3260.04,2025-10-06
106,7,Electric Hot Water Dispenser,3327.11,2025-07-01
107,458,Caramel Apple Chips,1502.35,2025-11-03
108,457,Almond Flour Pancake Mix,3845.66,2025-02-19
109,409,Pesto Pasta Salad,2457.26,2025-08-07
110,56,Garlic Breadsticks,3194.25,2025-08-27
111,111,Energy Protein Bars,1995.77,2025-10-29
112,71,Cranberry Almond Granola,4675.9,2025-04-27
113,285,Chili Powder,4112.49,2025-07-06
114,422,Nordic Berry Smoothie,102.15,2025-06-20
115,59,Teriyaki Chicken Stir-Fry,3670.75,2025-11-30
116,82,Vegetable Potstickers,,2025-05-02
117,65,Phone Case,3750.78,2025-07-08
118,43,Car Vacuum,4342.79,2025-06-07
119,242,Granola Bars,2940.31,2025-11-10
120,442,Almond Butter Cups,4652.69,2025-04-23
121,462,Vintage Graphic Tee,4612.2,2025-03-17
122,400,Silicone Cooking Utensils Set,381.79,2025-11-10
123,44,Customizable Photo Calendar,3705.92,2025-07-21
124,139,Blue Corn Tortilla Chips,4402.81,2025-08-23
125,341,Sparkling Blood Orange Soda,1909.46,2025-12-05
126,56,Baby Monitor,3006.99,2025-08-20
127,19,Mini Electric Kettle,2106.48,2025-12-29
128,467,Utility Cargo Pants,4552.07,2025-06-07
129,5,Electric Screwdriver,1070.8,2025-05-06
130,276,Peach Slices in Syrup,2182.29,2025-12-24
131,416,Reflective Safety Vest,1479.16,2025-01-01
132,158,Margherita Pizza,2595.37,
133,463,Portable Bluetooth Headphones,4842.26,2025-08-06
134,262,Vegetable Curry,4596.52,2025-07-17
135,79,Tandoori Chicken Marinade,1245.77,2025-10-09
136,396,Kids' Outdoor Explorer Kit,185.81,2025-03-06
137,183,Smart Light Switch,4416.99,2025-09-25
138,334,Almond Joy Protein Bars,4884.93,2025-04-27
139,132,Graphic Hoodie,3530.4,2025-04-30
140,149,Garden Vegetable Soup,2997.99,2025-02-25
141,323,Recipe Book Stand,2632.77,2025-04-23
142,258,Personal Blender with Travel Lid,4032.99,2025-11-12
143,318,Smart Plant Monitor,,2025-12-15
144,211,Electric Razor,606.61,2025-05-04
145,42,Fashionable Fanny Pack,,2025-10-30
146,487,Herbal Tea Sampler Box,493.46,2025-02-10
147,108,Apple Pie Filling,2999.29,2025-01-21
148,140,Italian Herbal Seasoning,4618.54,2025-02-20
149,379,Fishing Tackle Box,2979.85,2025-01-07
150,161,Rice Pilaf Mix,4973.17,2025-11-01
151,398,Coconut Oil Spray,686.39,2025-06-03
152,225,Wireless Charger Stand,735.38,2025-06-10
153,488,Buffalo Wing Sauce,2480.78,2025-08-20
154,438,Portable Air Pump,2245.65,2025-06-21
155,549,Fleece Throw Blanket,1468.27,2025-03-08
156,139,Wireless Car Charger,4225.67,2025-11-14
157,73,Canned Black Beans,3724.32,2025-12-26
158,374,Voice-Controlled Speaker,3952.59,2025-12-30
159,100,Essential Oils Diffuser Necklace,928.65,2025-08-13
160,339,Emergency Preparedness Kit,549.1,2025-11-13
161,84,Peanut Butter Banana Smoothie Mix,1506.01,2025-04-17
162,109,Personal Blender with Cups,2991.67,2025-11-10
163,382,Couscous Mix,2615.12,2025-10-27
164,375,Instant Camera,3471.71,2025-01-18
165,431,Pumpkin Puree,1270.13,2025-11-14
166,182,Pet Hair Removal Roller,2508.29,2025-09-13
167,210,Coconut Chips,4885.05,2025-01-07
168,152,Compact Electric Kettle,3004.86,2025-08-01
169,258,Spiralizer,4793.67,
170,370,Mini Waffle Maker,248.0,2025-01-09
171,39,Honey Sesame Cashews,1703.03,2025-01-08
172,196,Kids' Gardening Kit,3975.18,2025-07-31
173,473,DIY Candle Making Kit,2809.63,2025-05-15
174,471,Fruit Infuser Water Bottle,3602.1,2025-12-20
175,360,Children's Backpack,4247.82,2025-09-25
176,92,Garlic and Herb Rub,847.2,2025-09-08
177,316,Chili Beans (canned),1396.65,2025-09-04
178,236,Customizable Name Plate,3365.18,2025-06-22
179,37,Baked Falafel Balls,4967.41,2025-09-20
180,375,Teriyaki Stir-Fry Sauce,742.53,2025-09-07
181,478,LED Christmas Lights,132.61,2025-04-04
182,143,Chocolate Mint Cookies,2899.76,2025-08-25
183,401,Organic Baby Spinach,3914.77,2025-02-14
184,215,Faux Leather Leggings,3467.13,2025-05-31
185,381,Wireless Induction Charger,,2025-06-12
186,37,Pumpkin Spice Latte Mix,109.89,2025-10-28
187,414,Roasted Red Pepper Hummus,879.56,2025-08-22
188,326,Wireless Gaming Mouse,3382.4,2025-05-12
189,387,Adjustable Laptop Stand,237.22,2025-07-15
190,139,Travel Makeup Organizer,4149.53,2025-08-02
191,377,Chocolate Fudge Brownie Mix,2327.58,2025-05-16
192,216,Apple Sauce,4036.04,2025-04-02
193,184,Magnetic Spice Jars,100.09,2025-09-09
194,303,Folding Backpack Chair,178.15,2025-03-16
195,287,Vintage Button-Down Shirt,,2025-02-13
196,490,Vegan Tacos,2118.06,2025-10-28
197,48,Outdoor Inflatable Pool,3408.32,2025-08-31
198,398,Suede Ankle Booties,1940.54,2025-08-12
199,222,Zesty Garlic Marinade,1410.48,2025-10-18
200,345,Bamboo Utensil Holder,2290.1,2025-10-16
201,301,Deep Tissue Massage Gun,4952.1,2025-07-17
202,168,Peach Yogurt,2815.55,2025-05-24
203,229,High-Top Leather Boots,2914.39,2025-02-07
204,378,Memory Foam Mattress Pad,3816.28,2025-04-01
205,143,Sporty Leggings,1540.08,
206,223,Solar Power Bank,3074.64,2025-12-06
207,458,Asian Noodle Salad Kit,4431.44,2025-02-08
208,115,Natural Soy Candles,1830.26,2025-10-09
209,328,Honey Sesame Cashews,1447.93,2025-06-11
210,492,Multi-Functional Rice Cooker,4908.35,2025-03-28
211,48,Compressible Packing Cubes,1365.64,2025-01-04
212,299,Barbecue Chicken Pizza,,2025-07-24
213,275,Beef Stroganoff Mix,3863.54,2025-02-27
214,329,Wall Art Stickers,,2025-07-31
215,422,Cucumber,1093.09,2025-08-20
216,10,Self-Stirring Mug,,
217,478,Durable Hiking Boots,1021.66,2025-01-02
218,391,Slingback Sandals,2642.52,2025-05-14
219,333,Artisan Cornbread Mix,1972.84,2025-10-10
220,90,Waterproof Rain Boots,4385.57,2025-12-18
221,348,Chiffon Blouse,475.92,2025-11-24
222,27,Adjustable Stand for Tablets and Smartphones,130.72,2025-08-07
223,30,Fruit and Nut Medley,1339.55,
224,55,Legging Pants,597.34,2025-04-24
225,73,Chic Jumpsuit,1436.58,2025-12-20
226,148,Body Pillow Case,,2025-01-11
227,68,Protein Pancake Mix,4513.79,2025-07-28
228,222,Whole Wheat Bread,2089.81,2025-02-26
229,76,Digital Wireless Camera,535.93,
230,256,Cacao Powder,,2025-10-17
231,76,Bamboo Memory Foam Pillow,1964.17,2025-01-08
232,70,Toy Building Set,4736.58,2025-01-04
233,24,Foldable Yoga Mat,,2025-01-10
234,36,Vegan chocolate chip cookies,525.57,2025-10-19
235,426,Inflatable Paddle Board,4160.38,2025-08-30
236,193,Pet Water Fountain with Filtration,2635.82,2025-07-11
237,328,Pretzel Bites,379.89,2025-07-26
238,193,Smartphone Holder for Car,4815.79,2025-07-20
239,432,Set of Herb Garden Markers,2598.53,2025-10-10
240,390,Customizable Name Puzzle,2706.67,2025-03-05
241,174,Chewy Granola Bars,4284.99,2025-08-29
242,498,Honey Sesame Chicken Mix,1017.16,2025-11-04
243,155,Incense Holder,2916.9,2025-05-24
244,176,Frozen Chicken Nuggets,493.11,2025-05-18
245,491,Vanilla Almond Granola,250.71,2025-07-26
246,206,Teriyaki Stir-Fry Sauce,187.7,2025-08-04
247,540,Tomato Paste,569.24,2025-11-15
248,355,Sweet Potatoes,2312.49,2025-11-02
249,167,Pita Bread,,2025-06-15
250,99,Organic Spinach,501.32,2025-10-27
251,204,Pet Caress Brush,2238.06,2025-08-29
252,495,Rechargeable Laptop Battery Pack,151.04,2025-12-15
253,309,Coffee Making Kit,3775.86,2025-10-24
254,303,Comfort Flats,1921.44,2025-11-25
255,276,Cheddar & Bacon Potato Skins,4968.55,2025-06-09
256,204,Peach Salsa,4448.39,
257,453,Measuring Cups Set,4608.87,2025-11-16
258,355,Granola Bars,,2025-05-29
259,315,Puff Pastry,2998.78,2025-03-02
260,264,Thai Peanut Dressing,4217.99,2025-02-14
261,518,Zesty Garlic Hummus,1550.68,2025-08-22
262,46,High-Top Leather Boots,154.83,2025-09-02
263,521,LED Strip Lights Kit,430.05,2025-06-10
264,87,Basic V-Neck T-Shirt,1750.32,2025-02-15
265,267,Cinnamon Roll Dough,4709.57,
266,216,Golf Putting Green,4457.62,2025-07-19
267,204,Protein Powder,4712.97,2025-08-05
268,433,Plant Pot Drip Trays,1613.27,2025-08-07
269,336,Motorcycle Phone Mount,1567.57,2025-08-14
270,352,Organic Green Apples,4979.93,2025-05-01
271,69,Luxury Bath Salts,4149.72,2025-12-30
272,321,Compact Dishwasher,3254.14,2025-02-28
273,494,LED Desk Lamp with USB Charging Port,1638.36,2025-11-07
274,350,Dark Chocolate Tart,2331.24,2025-06-26
275,300,Cotton Basic Tank,3773.3,
276,366,Spicy Roasted Nuts,3094.27,2025-09-07
277,454,Teriyaki Tofu Stir-Fry,88.33,2025-11-18
278,436,Canned Coconut Milk,975.44,
279,298,Insulated Wine Tote,3684.25,2025-11-26
280,215,Miso Soup Starter,2206.62,2025-06-15
281,186,Wireless HDMI Receiver,3288.32,2025-04-02
282,377,Organic Green Lentils,,2025-06-12
283,510,Portable Phone Mug Holder,4963.18,2025-12-06
284,527,Pumpkin Spice Latte Mix,579.7,
285,359,Heart-Shaped Baking Molds,2312.0,2025-08-19
286,230,Tuna Fish (canned),725.9,2025-10-23
287,287,Portable Phone Mug Holder,2211.91,2025-12-16
288,186,Potato Wedge Seasoning,707.91,2025-08-26
289,120,Spinach Pizza Rolls,178.84,2025-12-08
290,41,Herb Drying Rack,3526.18,2025-09-08
291,515,Whole Roasted Chicken,724.7,2025-08-09
292,94,Wireless Charging Pad,3629.93,2025-12-06
293,388,Hibiscus Herbal Tea,128.84,
294,505,Vegetable Fried Rice,777.95,2025-05-01
295,32,Organic Spinach,1821.03,2025-04-25
296,327,Pesto Pasta Salad,1829.4,2025-04-19
297,287,Ceramic Non-Stick Frying Pan,2416.81,2025-10-19
298,278,Mango Chia Pudding,4146.38,2025-04-29
299,419,Vegetable Stock,,2025-08-18
300,399,Tailored Dress Pants,3731.6,2025-03-14
301,251,Portable SSD,981.1,2025-05-04
302,531,Electric Bike,4655.84,2025-04-23
303,540,Car Diagnostic Scanner,167.39,2025-03-08
304,73,Almond Flour Pancake Mix,2266.75,2025-07-01
305,254,Maple Breakfast Sausage,1939.63,2025-12-16
306,390,Dishwasher Safe Cutting Board,784.45,2025-12-08
307,94,Self-Watering Planters,4524.18,2025-06-15
308,397,Smart Light Bulbs,2107.84,2025-03-04
309,79,Whole Grain Mustard,3556.2,
310,508,Roasted Red Pepper Sauce,3118.93,2025-03-07
311,198,Smoked Paprika Chicken Thighs,1077.69,2025-09-13
312,353,Garden Vegetable Chips,3669.37,2025-02-13
313,505,Sriracha Chili Sauce,387.97,2025-02-15
314,400,Waterproof Rain Boots,3854.91,
315,124,Stick Vacuums Cleaner,508.13,2025-06-17
316,66,Peanut Butter Pretzel Nuggets,2704.8,2025-02-11
317,187,Decorative Throw Pillows,1192.13,2025-10-04
318,419,Balsamic Glazed Brussels Sprouts,3930.08,2025-09-14
319,271,Honey Butter Popcorn,1252.48,2025-11-07
320,12,Outdoor Camping Lantern,3927.65,2025-03-21
321,141,Customizable Photo Calendar,647.47,2025-11-23
322,4,Basil Tomato Soup,3834.87,2025-05-28
323,174,Outdoor Camping Lantern,2523.15,2025-01-12
324,144,Paint By Numbers Kit,3227.17,2025-09-30
325,485,Chipotle Sauce,710.84,2025-05-23
326,19,Chocolate Chip Cookie Dough,4524.55,2025-03-03
327,496,Beach Cover-Up,1767.48,2025-03-23
328,492,Rechargeable Electric Toothbrush,1018.48,
329,215,Greek Yogurt,1820.19,2025-01-30
330,6,Reusable Produce Bags Set,3185.62,2025-12-21
331,372,Electric Rice Cooker,1843.45,2025-04-22
332,135,Non-Stick Grill Pan,1050.75,2025-11-18
333,537,Basic V-Neck T-Shirt,4550.01,2025-09-15
334,413,Body Pillow Case,393.28,2025-03-02
335,340,Smoked Gouda Cheese,624.45,
336,237,Whole Grain Hamburger Buns,224.03,2025-05-29
337,378,Cotton Sweatpants,4429.17,2025-01-22
338,160,Adjustable Standing Desk,2173.12,2025-02-28
339,465,Curried Lentil Salad,4717.93,2025-04-04
340,66,Smart Water Bottle with Hydration Reminder,1862.0,2025-11-20
341,446,Kids' Crafting Station,4437.11,2025-05-19
342,171,Organic Almonds,4549.75,2025-05-11
343,443,Set of Silicone Baking Molds,4366.27,2025-10-11
344,208,Infrared Space Heater,3751.19,2025-08-13
345,323,Pet Caress Brush,673.82,2025-09-04
346,126,Honey Lemon Tea,2844.61,2025-10-18
347,170,Mini Cordless Vacuum Cleaner,589.19,2025-11-08
348,51,Asian Noodle Salad Kit,4239.2,2025-05-17
349,291,Garden Tool Set with Carrying Bag,344.89,2025-04-21
350,96,Nutritional Yeast,3486.78,2025-03-29
351,442,Ceramic Knife Set,4714.96,2025-08-22
352,490,Energy Protein Bars,3250.71,2025-10-31
353,103,Pet Water Fountain with Filtration,2234.48,2025-12-17
354,157,Collapsible Camping Cup,1480.31,2025-09-29
355,441,Truffle Parmesan Fries,60.18,2025-07-05
356,539,Chocolate Chip Cookie Dough,258.47,2025-07-10
357,64,Premium Flashlight,2548.11,2025-12-18
358,181,Educational STEM Kit,1812.01,2025-07-22
359,411,Pumpkin Spice Creamer,,2025-12-28
360,10,Electric Opener for Jars and Bottles,1424.0,2025-11-01
361,532,Coffee Making Kit,89.53,2025-04-29
362,420,Creamy Tomato Basil Soup,223.6,2025-06-14
363,286,Granola Bars,1495.22,2025-12-30
364,77,Heart-Shaped Baking Molds,1804.65,2025-04-01
365,401,Smart Wi-Fi Camera,500.26,2025-06-08
366,394,Outdoor Adventure Backpack,3938.76,2025-04-02
367,49,Fruit and Nut Bars,1624.71,2025-10-20
368,71,Lockable Bicycle Chain,3470.82,2025-12-10
369,352,Coconut Cream Pie Yogurt,1668.07,2025-07-05
370,451,LED Flashlight,2452.22,2025-11-14
371,388,Customizable Name Puzzle,1247.37,2025-03-24
372,74,Ethical Wool Scarf,2818.04,2025-01-19
373,22,Lemon Basil Pasta Sauce,,2025-03-01
374,49,Pet Travel Carrier,359.28,2025-12-02
375,396,Carrot Sticks,1735.49,
376,220,Cranberry Juice,3302.8,2025-05-10
377,408,Classic Bagels,2457.79,2025-03-18
378,289,Pet Nail Clipper,,2025-07-23
379,509,DIY Lip Balm Making Kit,,2025-06-28
380,11,Caramel Apple Chips,3769.82,2025-09-01
381,211,Digital Thermostat,3231.24,2025-06-23
382,222,Creamy Avocado Dip,4834.53,2025-08-19
383,481,Natural Soy Candles,4637.6,2025-04-05
384,192,Paint By Numbers Kit,3867.1,2025-06-15
385,543,Lightweight Travel Backpack,4967.6,2025-02-01
386,497,Garlic and Herb Cream Cheese,1499.92,2025-01-20
387,67,Italian Herbal Seasoning,3788.97,2025-07-09
388,126,Traditional Hummus,1328.24,2025-06-05
389,446,Honey Roasted Chickpeas,3749.79,2025-01-04
390,445,Grass Fed Beef Patties,2700.1,2025-08-03
391,290,Mango Chia Pudding,1733.8,2025-03-24
392,47,Portable Speakers,2542.45,2025-10-23
393,537,Fashionable Fanny Pack,1511.98,2025-10-28
394,429,Herb Seasoned Rice,,2025-08-14
395,177,Baked Falafel Balls,998.27,2025-12-16
396,137,Vegetable Spiralizer,2761.09,2025-12-10
397,503,Blueberry Muffin Mix,2555.38,
398,461,Chia Seed Pudding,2019.81,2025-05-01
399,164,Wireless Music Receiver,4359.82,2025-10-11
400,255,Black Bean Soup,3508.76,2025-02-17
401,184,Skincare Fridge,2372.29,2025-02-09
402,282,Fitness Resistance Bands,2354.85,2025-03-01
403,429,Suede Ankle Booties,620.63,2025-09-22
404,237,Vegetarian Sausage Links,1417.52,2025-10-02
405,333,Garden Hose Reel,869.59,2025-10-10
406,234,Mini Waffle Maker,3667.95,2025-06-14
407,315,Margherita Pizza,,2025-07-14
408,345,Portable Solar Camp Shower,821.16,2025-11-27
409,299,Cable Knit Beanie,,2025-11-01
410,243,Blackberry Compote,826.61,2025-11-03
411,458,Dual Function Electric Skillet,4085.55,2025-04-30
412,500,Portable Jump Starter,,2025-01-05
413,211,Cream Cheese,2776.48,2025-02-09
414,350,Ricotta Cheese,2523.4,2025-03-12
415,388,Maple Breakfast Sausage,4587.61,2025-04-27
416,106,Portable Bluetooth Keyboard,4207.97,2025-06-01
417,20,Oatmeal Raisin Cookies,1149.45,2025-06-15
418,540,Vegan Cheese,,2025-03-30
419,192,Raspberry Lemonade Mix,1165.35,2025-10-10
420,504,Wooden Kitchen Utensil Set,2776.41,2025-05-03
421,118,Kids' Educational Tablet,2321.44,2025-05-11
422,339,Apple Cinnamon Breakfast Muffins,511.97,2025-04-06
423,242,Safety First Aid Kit,3202.54,2025-12-11
424,340,USB Desk Fan,2134.17,2025-05-31
425,93,Oven-Baked Chicken Tenders,1154.38,2025-07-26
426,80,Spinach and Feta Wraps,3443.43,2025-05-27
427,23,Black Olives,4429.52,2025-06-06
428,121,Mango Chilli Sauce,4336.92,2025-07-30
429,185,Peanut Butter Banana Smoothie Mix,4802.2,2025-11-05
430,246,Compact Refrigerator,4761.66,2025-09-01
431,129,Vanilla Protein Powder,1790.55,2025-01-12
432,259,Mayonnaise,3894.89,2025-04-27
433,543,Mini Cordless Vacuum Cleaner,,2025-04-27
434,484,Wild Rice Pilaf,2298.64,2025-10-21
435,164,Pet Water Fountain,3080.77,2025-10-16
436,244,Beef Chili,4576.6,2025-09-05
437,532,Vanilla Ice Cream,1551.15,2025-12-23
438,394,Vegetable Lasagna,3537.59,2025-07-16
439,3,Coconut Chia Seed Pudding,531.58,2025-12-06
440,397,Black Bean Spaghetti,1867.14,2025-09-10
441,113,Avocado Lime Dressing,2752.31,2025-07-05
442,82,Banana Chips,2828.66,2025-07-04
443,548,Avocado Oil Mayo,2968.2,2025-03-07
444,176,Rustic Italian Bread,1041.8,2025-09-09
445,182,Car Vacuum,2228.61,2025-05-02
446,333,Margherita Pizza,33.79,2025-03-23
447,319,Buffalo Style Cauliflower Bites,4315.92,2025-01-24
448,460,Wine Decanter,500.07,2025-12-11
449,133,Black Bean & Corn Salad,2461.21,2025-05-06
450,508,Sweet Potatoes,,2025-11-04
451,199,Digital Wireless Camera,,2025-11-03
452,518,Portable Phone Mug Holder,4994.34,2025-04-07
453,510,LED Flashlight,3251.82,2025-10-03
454,381,Cat Scratching Post with Toys,2979.92,2025-03-05
455,101,Arcade Game Machine,4114.35,2025-01-24
456,46,Vegetable and Cheese Quesadillas,1160.54,2025-11-09
457,218,High-Waisted Skirt,154.85,2025-09-26
458,519,Wireless Printer,4962.1,2025-07-22
459,310,Non-Stick Baking Sheet,2937.36,2025-11-10
460,371,Vegetable Lasagna,2836.23,
461,79,Poppy Seed Dressing,3832.82,2025-05-23
462,82,Dill Pickle Chips,4771.68,2025-07-29
463,236,Gardening Kneeler and Seat,971.36,2025-12-11
464,139,Quinoa Salad,3169.52,
465,157,Homestyle Chicken Noodle Soup,1660.45,2025-08-26
466,351,Kettle Chip Variety Pack,3849.14,2025-08-02
467,152,Pet Water Fountain with Filtration,93.6,2025-02-02
468,92,Portable Hand Warmer,4095.27,2025-01-02
469,417,Turkey Bacon,2267.71,2025-10-03
470,447,Pita Bread,654.33,2025-01-09
471,357,Spicy Avocado Salsa,4338.46,2025-05-30
472,454,Cotton Quilted Throw Blanket,,2025-04-21
473,255,Trackpad for Laptop,2792.55,2025-12-29
474,410,Rice Cakes,2572.96,2025-10-20
475,195,Maple Breakfast Sausage,3346.82,2025-02-25
476,151,Casual Cropped Sweater,4719.91,2025-07-26
477,501,Tuna Fish (canned),252.75,
478,341,Butternut Squash Ravioli,,2025-02-22
479,183,Digital Food Scale,3288.86,2025-08-09
480,154,Spaghetti and Meatball Dinner Kit,128.64,2025-05-08
481,9,Hot Dog Buns,1038.29,2025-03-22
482,210,Peanut Butter Chocolate Chip Bars,98.73,2025-01-12
483,405,Coconut Flakes,3985.01,2025-08-22
484,347,Trackpad for Laptop,269.07,2025-07-30
485,347,Adjustable Yoga Mat Strap,954.66,2025-11-07
486,193,Whole Grain Hamburger Buns,3212.95,2025-07-14
487,215,Watercolor Paint Set,1322.61,
488,185,Plant Pot Drip Trays,3583.57,
489,259,Lightweight Rain Jacket,4709.76,2025-10-07
490,519,Travel Jewelry Organizer,4462.81,2025-04-24
491,357,Portable Water Filter,3725.48,2025-07-21
492,49,Taro Chips,1129.16,2025-02-04
493,381,Gardening Tool Belt,4585.78,2025-04-07
494,398,V-Neck Sweater,550.08,2025-08-02
495,49,Vegan Protein Powder,134.21,2025-10-12
496,345,Garlic Parmesan Wings,1850.91,2025-09-07
497,196,Caraway Rye Bread,673.06,2025-11-04
498,220,Fire Roasted Salsa,2176.45,2025-06-08
499,327,Herbed Goat Cheese,4336.83,
500,384,Basic V-Neck T-Shirt,2731.95,2025-06-11
501,529,Non-Stick Grill Mat,2783.24,2025-05-01
502,531,Sweet Potato Noodles,3560.85,2025-08-15
503,134,Bluetooth Car Adapter,597.85,2025-10-20
504,330,Reflective Safety Vest,3194.29,2025-01-06
505,128,Dish Soap Dispenser,1160.89,2025-04-26
506,46,Weighted Jump Rope with Counter,352.54,2025-07-26
507,79,Avocado Lime Dressing,1641.8,2025-06-22
508,164,Handmade Wooden Utensil Set,4749.88,
509,469,Cold Brew Coffee Maker,1173.59,2025-05-18
510,112,Fitness Tracker Band,3430.41,2025-04-04
511,259,Frozen Cauliflower Rice,679.02,2025-04-30
512,470,Organic Whole Wheat Flour,1954.67,2025-03-15
513,503,Almond Joy Munch Bars,4385.92,2025-09-12
514,379,Multi-Purpose Marine Rope,1798.47,2025-03-18
515,65,Chili Con Carne Mix,3417.29,2025-02-02
516,238,Pesto Pasta Sauce,841.5,2025-06-19
517,180,Artisan Cornbread Mix,3899.57,2025-04-11
518,35,Hand Mixer,2976.71,2025-04-27
519,448,Crafting Kit,1404.99,2025-07-21
520,410,Couscous,2187.58,2025-07-15
521,477,Lockable Bicycle Chain,2279.19,2025-09-29
522,115,Scented Candle Set,551.93,2025-06-06
523,73,Graphic Print Leggings,3555.47,2025-01-04
524,274,Herbed Goat Cheese,3718.37,2025-01-02
525,301,Vegetable Potstickers,4686.65,2025-12-13
526,349,Scent Diffuser,1928.15,2025-03-14
527,405,Antique Style Clock,2899.15,2025-12-15
528,399,Chickpea Flour,652.08,2025-12-04
529,407,Organic Chia Seeds,2117.16,2025-11-17
530,369,Nutty Quinoa Salad,1202.89,2025-09-17
531,192,Whole Grain Cereal,1772.3,2025-12-28
532,187,Whole Roasted Chicken,1044.57,2025-05-15
533,420,Hydration Backpack,149.08,2025-04-26
534,341,Cork Yoga Mat,,2025-07-07
535,115,Smashed Avocado with Lime,,2025-11-08
536,325,Black Bean & Corn Salad,1538.05,2025-10-09
537,453,Carrot Ginger Soup,3138.92,2025-04-29
538,208,Noise-Canceling Earbuds,2201.41,2025-02-14
539,352,Artisan Bread Loaf,1595.22,2025-04-01
540,478,Sweet Corn,2272.1,2025-08-18
541,253,Portable Refrigerator Freezer,560.08,2025-10-08
542,22,Smart Plug,,2025-12-07
543,339,Lockable Bicycle Chain,1506.47,2025-06-03
544,235,Pepper Jack Cheese Sticks,3314.26,2025-06-10
545,70,Self-Cleaning Water Bottle,739.25,2025-08-23
546,523,Lightweight Travel Backpack,699.83,2025-04-08
547,61,Lemon Herb Chicken,1616.2,2025-08-09
548,302,Cotton Sweatpants,,2025-12-23
549,203,Cinnamon Roll Protein Bar,73.83,2025-02-16
550,254,Multicolored LED Strip Lights,3907.96,2025-09-14
551,79,Honey Roasted Peanuts,2893.56,2025-04-01
552,155,Sweet and Sour Sauce,4016.4,2025-08-14
553,539,Honey Sesame Cashews,798.22,2025-12-25
554,185,Cooking Utensil Set,1427.27,
555,388,Scent Diffuser Oil,,2025-03-11
556,202,White Rice,4970.81,2025-08-27
557,302,Honey Garlic Sauce,236.9,2025-07-14
558,248,Cotton Pajama Set,389.7,2025-12-09
559,103,Portable Massage Table,,
560,359,Vegetable Broth,2750.73,2025-05-05
561,515,Almond Flour,1998.49,2025-03-24
562,88,Weighted Jump Rope with Counter,,2025-09-23
563,545,Comfy Slippers,966.01,2025-05-07
564,463,Falafel Mix,961.31,2025-04-13
565,463,Pet Reflective Vest,1532.1,2025-03-24
566,173,Garden Vegetable Chips,2402.51,2025-06-03
567,183,Portable Air Purifier,,2025-12-15
568,458,Popcorn Chicken,3675.04,2025-01-19
569,462,Athletic Sports Bra,4710.12,2025-08-15
570,492,Kettle Chip Variety Pack,2321.91,2025-09-06
571,5,Legging Pants,,2025-06-28
572,108,Laundry Detergent,,2025-03-15
573,422,Sweet Potato & Kale Hash,2548.15,2025-11-22
574,57,Chocolate Mint Protein Shake,49.8,2025-05-27
575,99,Digital Drawing Tablet,4339.66,2025-12-12
576,161,Natural Fruit Snacks,2079.66,2025-01-27
577,191,Cinnamon Rolls,2494.67,2025-07-08
578,270,Wine Glasses,4885.58,2025-12-25
579,343,Smart Water Bottle with Hydration Reminder,2650.52,2025-06-08
580,340,Cranberry Orange Juice,1584.4,2025-03-07
581,72,Cinnamon Sugar Tortilla Chips,3880.29,2025-01-25
582,522,Cereal Dispenser with Portion Control,16.61,2025-03-02
583,323,Electric Stool Heater,670.8,2025-03-21
584,432,Cinnamon Raisin Bread,4235.34,2025-08-07
585,241,Laptop Sleeve,1244.75,2025-11-22
586,110,Chili Con Carne Mix,4325.24,
587,353,Dried Mango Slices,1828.01,2025-10-03
588,168,LED Desk Lamp with USB Charging Port,1682.51,2025-02-06
589,355,Peach Halves (canned),4878.83,2025-07-04
590,27,Cordless Water Flosser,3643.5,2025-04-25
591,270,Classic Slim Fit Shirt,3743.75,2025-06-16
592,404,Instant Mashed Potatoes,3766.69,
593,441,Beef Jerky,434.9,2025-01-25
594,251,Nutty Quinoa Salad,4018.65,2025-03-02
595,379,Frozen Berry Blend,4993.81,2025-10-14
596,457,Sesame Garlic Stir-Fry Sauce,1399.02,2025-11-23
597,481,Non-Stick Grill Mat,26.6,2025-03-23
598,289,Chocolate Coconut Granola,1779.56,2025-08-03
599,416,Vegetarian Pizza,2221.16,
600,91,Pet Hair Vacuum Cleaner Attachment,1347.27,2025-02-14
601,42,Karaoke Microphone,344.06,2025-11-19
602,317,Ceramic Cookware Set,4063.09,2025-06-01
603,174,Chocolate Chip Muffins,1260.45,2025-10-16
604,394,Plant-Based Cookbook,4905.72,2025-07-23
605,231,Ribbed Knit Dress,1463.02,2025-10-31
606,19,Fashionable Belt Bag,3552.94,2025-09-04
607,477,Bluetooth Shower Speaker,3495.31,2025-06-27
608,84,Stainless Steel Cutlery Set,3369.89,2025-01-23
609,171,Pumpkin Ice Cream,860.5,2025-01-22
610,83,Honey Roasted Almonds,,2025-03-17
611,272,Scented Candles,394.04,2025-01-28
612,9,Fruit and Nut Energy Bites,4229.28,2025-03-09
613,130,Roasted Chickpeas,4280.77,2025-12-01
614,385,Car Trash Can,2111.9,2025-07-11
615,367,Pineapple Coconut Rice Mix,3090.13,2025-03-23
616,178,Frozen Hash Browns,1426.18,2025-01-13
617,200,Camping Chair with Cooler,3287.8,2025-03-27
618,498,Classic Slim Fit Shirt,4721.99,2025-06-20
619,47,Running Shorts,3148.04,2025-04-14
620,384,Car Emergency Kit,1534.59,2025-03-21
621,200,Almond Joy Bars,3308.25,2025-07-04
622,333,Foldable Yoga Mat,3649.58,2025-03-08
623,241,Coffee Grinder,1060.81,2025-12-06
624,252,Portable Charcoal Grill,3358.71,2025-01-02
625,261,Sweet and Spicy Barbecue Sauce,1706.67,2025-03-21
626,525,Caraway Rye Bread,1650.8,2025-06-12
627,94,Siphon Coffee Maker,4077.22,2025-10-09
628,82,Vanilla Pudding Mix,,2025-10-24
629,257,Infrared Space Heater,4238.06,2025-08-20
630,461,Honey Roasted Chickpeas,4144.19,2025-12-17
631,293,Digital Wireless Camera,2961.37,2025-06-03
632,480,Pet Carrier Backpack,1814.74,2025-03-09
633,98,French Onion Dip,3502.05,2025-09-27
634,173,Pet Carrier Backpack,3439.5,2025-03-19
635,194,Microfiber Cleaning Cloth Set,1740.92,2025-01-21
636,288,Mini Projector,3642.76,
637,182,Pepperoni Pizza Roll-Ups,1896.35,2025-12-27
638,478,Savory Snack Mix,4118.02,2025-11-03
639,66,Cinnamon Ice Cream,,2025-12-26
640,167,Orange Ginger Vinaigrette,3751.41,2025-06-12
641,303,Smartphone Photography Tripod,3242.81,2025-05-14
642,140,Garlic Butter Sauce,2030.87,2025-02-21
643,354,Cocktail Shaker and Mixing Glass Set,862.13,2025-07-13
644,28,Lentils,2038.54,2025-05-02
645,140,Vegetable Fried Rice,3626.83,2025-11-18
646,430,Inflatable Paddle Board,1794.15,2025-02-13
647,511,Honey Mustard Sauce,236.53,2025-10-19
648,299,Grilled Vegetable Medley,2663.63,2025-03-03
649,220,Safety First Aid Kit,3541.59,2025-03-17
650,497,Baby Monitor,3115.19,2025-10-31
651,81,Tea Infuser Bottle,765.1,2025-11-15
652,102,Trendy Bomber Jacket,938.38,2025-11-07
653,70,Pet Carrier,4888.84,2025-02-02
654,369,Natural Peanut Butter,4187.39,2025-03-09
655,305,Rolling Cooler,4466.52,2025-12-02
656,516,Organic Blueberries,,2025-08-23
657,204,Blueberry Oatmeal Cups,3425.7,2025-11-10
658,375,Children's Gardening Set,2612.29,2025-04-01
659,506,Quality Chef Apron,4999.81,2025-06-27
660,285,Children's Science Experiment Lab Kit,1458.56,2025-03-25
661,96,Handmade Soap Making Kit,1835.88,2025-09-13
662,12,Trackpad for Laptop,4697.5,
663,135,Portable Air Pump,3439.86,2025-05-16
664,346,Bodyweight Resistance Bands,2960.62,
665,363,Mini Projector,1987.33,2025-05-11
666,34,Outdoor Mosquito Repellent Lantern,2662.09,2025-09-13
667,127,Almond Butter Cups,,2025-08-10
668,251,Beard Grooming Kit,1790.47,2025-10-23
669,45,Instant Mashed Potatoes,3072.67,2025-02-01
670,143,Classic Pesto Sauce,2862.35,2025-02-13
671,212,Pet Camera with Treat Dispenser,397.72,2025-09-27
672,89,Frozen Burritos,4907.32,2025-05-27
673,71,Silicone Ice Cube Tray,500.68,2025-04-04
674,232,Garden Kneeler and Seat,3380.05,2025-11-26
675,517,Cranberry Almond Biscotti,80.09,2025-04-23
676,213,Classic White T-Shirt,2778.23,2025-03-09
677,91,Savory Mushroom Risotto,291.2,2025-09-15
678,94,Maple Bacon Popcorn,1730.25,2025-05-08
679,36,Smartphone Holder for Car,908.58,2025-10-09
680,45,Compact Portable Grill,2413.5,
681,355,Honey Mustard Dip,2144.61,2025-11-18
682,72,Chipotle Seasoning Blend,3463.63,2025-04-10
683,253,Tandoori Chicken Marinade,4100.95,2025-11-16
684,194,Turmeric Ginger Tea,3391.46,2025-05-15
685,438,Apple Juice,2716.59,2025-12-30
686,359,Foot Spa Bath Massager,,2025-10-12
687,377,Classic White T-Shirt,220.56,2025-08-26
688,122,Coconut Water,2075.24,2025-06-20
689,155,Jennifer's Amazing Lip Balm Kit,3202.88,2025-08-23
690,103,Fitness Resistance Bands Set,2846.67,2025-09-28
691,273,Phone Screen Protector,2730.66,2025-04-01
692,490,Leather Crossbody Bag,465.24,2025-04-21
693,100,Cork Yoga Mat,1891.29,2025-01-12
694,65,Travel Mug,2824.13,
695,503,Bamboo Bathtub Caddy,1260.68,2025-09-11
696,279,Non-Stick Baking Sheet,,2025-01-23
697,38,Wireless Music Receiver,2062.0,2025-04-17
698,282,Chia Seed Pudding,4056.86,2025-03-08
699,259,Honey Nut Cheerios,4887.03,2025-10-07
700,114,Magnet Travel Fridge Magnets,504.11,2025-10-19
701,550,Blackberry Compote,3688.49,2025-05-10
702,442,Honeycrisp Apples,1366.19,2025-05-09
703,75,Smartphone Tripod,3732.69,2025-09-09
704,504,Raspberry Lemonade Mix,2922.45,2025-10-27
705,322,Cinnamon Roll Kit,4282.29,2025-08-28
706,266,Chopping Board,507.42,2025-07-20
707,243,Frozen Pizza,2455.42,2025-07-30
708,187,Window A/C Unit,4242.55,2025-12-31
709,56,Tomato Basil Soup,3727.02,2025-04-19
710,461,Buffalo Cauliflower Wings,4540.23,
711,440,Leather Biker Jacket,3099.6,2025-10-02
712,549,Marinara Parmesan Baked Ziti,3533.23,2025-04-06
713,66,Pumpkin Spice Creamer,1572.83,2025-03-13
714,273,Camping Lantern,1148.7,2025-12-18
715,318,Elderberry Syrup Kit,2902.85,2025-03-12
716,48,Spicy Hummus,3884.7,2025-08-25
717,494,Spicy Salsa Verde,1769.33,2025-07-28
718,34,Fitness Jump Rope with LCD Counter,2305.72,2025-09-17
719,528,Almond Crunch Granola Bars,,2025-03-02
720,92,Classic Beef Chili,4771.12,2025-01-21
721,191,Cookbook,2177.96,2025-04-28
722,363,Fruit Medley Juice,1436.89,2025-10-20
723,290,Mesh Laundry Bags Set,3621.32,2025-05-07
724,276,Car Phone Mount,4101.59,2025-10-28
725,82,Phone Screen Protector,1254.59,2025-01-09
726,482,Camping Chair,2037.84,
727,13,Indoor Grill,4264.15,2025-10-04
728,457,Classic Caesar Salad Kit,2769.79,2025-12-06
729,8,Asian Stir-Fry Vegetables,,2025-12-27
730,33,Pet Camera with Treat Dispenser,3989.44,2025-03-01
731,243,Free-Range Eggs,4185.87,2025-06-03
732,471,Vegetable and Cheese Quesadillas,1925.5,2025-07-02
733,263,Travel Mug with Leak-Proof Lid,1998.31,2025-11-29
734,26,Kids' Trampoline,2175.86,2025-06-06
735,484,Bamboo Toothbrush,1863.04,2025-02-21
736,369,Compact Dishwasher,3201.29,2025-09-12
737,139,Smartphone Hand Grip,4108.1,2025-09-26
738,493,Cable Knit Cardigan,4012.04,2025-03-07
739,26,Car Emergency Kit,3134.95,2025-05-07
740,160,Crispy Onion Rings,1165.77,2025-09-20
741,459,Smart Light Bulbs,4577.02,2025-03-31
742,17,Mango Chutney,1255.03,2025-03-01
743,460,Baking Powder,441.18,2025-12-01
744,212,Cacao Powder,4905.9,2025-04-04
745,220,Brown Rice,,2025-01-08
746,415,Mediterranean Olives,1146.27,2025-03-20
747,449,Portable Jump Starter,3960.31,2025-09-28
748,40,Noise Cancelling Ear Muffs,1906.19,2025-09-09
749,27,Smart Plug,3319.9,2025-12-09
750,286,Chocolate Chip Cookie Mix,,2025-08-16
751,48,Window Blinds,636.08,2025-12-20
752,309,Multi-Functional Rice Cooker,919.15,2025-02-19
753,285,Warm Knit Beanie,1621.79,2025-01-31
754,339,Classic Slim Fit Shirt,3341.29,2025-07-30
755,98,Oven-Baked Parmesan Zucchini,3983.9,2025-02-10
756,436,Jasmine Rice,2884.75,2025-06-22
757,14,Hand Mixer,1973.43,2025-09-20
758,388,Lemon Herb Chicken,4809.55,2025-04-21
759,62,Non-Stick Baking Sheet,123.95,2025-09-03
760,490,Personal Security Alarm Keychain,523.06,2025-07-04
761,86,Stainless Steel Travel Mug,11.61,2025-07-21
762,520,Rain Jacket,1410.13,2025-10-15
763,414,Sliced Strawberries,2176.03,2025-06-06
764,27,Children's Art Set,,2025-08-28
765,162,Taro Chips,139.84,2025-04-11
766,196,Miso Soup Starter,4357.89,2025-10-23
767,467,Electric Rice Cooker,2850.08,
768,67,Bamboo Utensil Set,1029.05,2025-12-15
769,35,Travel Document Organizer,1242.32,2025-01-25
770,441,Hair Dryer,516.22,2025-05-03
771,342,Workstation Laptop Stand,4111.7,2025-09-19
772,312,Balsamic Glaze,1230.23,2025-08-05
773,413,Electric Fondue Pot,2849.51,2025-08-23
774,321,Portable Camping Stove,4496.43,2025-01-21
775,328,Chili Powder,2319.08,2025-06-24
776,336,Trendy Bomber Jacket,4593.89,2025-11-10
777,184,Portable Laptop Table,159.24,2025-03-14
778,201,Winter Knit Beanie,806.51,2025-06-10
779,538,Asian Salad Mix,1480.82,2025-03-30
780,177,Coffee Making Kit,1812.77,2025-12-14
781,260,Sporty Slide Sandals,2333.22,2025-10-18
782,419,Digital Drawing Tablet,982.01,2025-07-15
783,296,Peanut Butter Chocolate Clusters,4954.68,2025-12-09
784,50,Travel Makeup Organizer,,2025-11-01
785,57,Savory Italian Herbs,1982.34,2025-07-02
786,139,Comfy Slippers,1440.09,2025-06-14
787,377,Oatmeal Raisin Cookies,2834.17,2025-08-28
788,292,Luxury Bath Salts,4116.0,2025-06-14
789,510,Fruit & Nut Trail Mix,4355.43,2025-06-24
790,359,Spaghetti and Meatball Dinner Kit,4620.55,2025-05-13
791,170,Wall Decals for Kids,678.13,2025-07-29
792,194,Hummus Trio Pack,2743.33,2025-04-19
793,113,Digital Drawing Tablet,,2025-02-07
794,277,Ripped Boyfriend Jeans,1344.88,2025-10-09
795,153,Dual Function Electric Skillet,1324.3,2025-04-01
796,466,Teriyaki Chicken Skewers,1481.24,2025-07-23
797,490,Electric Screwdriver,2026.05,
798,206,High-Quality Yoga Block,2339.04,2025-10-23
799,397,Motion Sensor Light,3986.5,2025-07-30
800,124,Garlic Herb Seasoning,4152.45,2025-03-19
801,241,Sesame Garlic Noodles,3442.84,2025-08-19
802,359,Honey Almond Granola Bars,2556.94,2025-07-10
803,416,Sweet Potato Tots,1910.72,2025-03-05
804,424,Stylish Combat Boots,770.53,2025-10-15
805,199,Asian Stir-Fry Vegetables,1014.47,2025-06-13
806,304,USB-C Hub,298.33,2025-10-04
807,283,Homemade Salsa,4958.77,2025-08-01
808,49,Magnetic Phone Case,4973.39,2025-03-01
809,103,Bike Helmet,2164.1,2025-02-14
810,454,Basil Tomato Soup,3597.5,2025-07-11
811,541,Wine Glasses,727.01,2025-06-20
812,504,Chili Beans (canned),2580.46,2025-09-21
813,392,Lemon Dill Chicken Skewers,4637.67,2025-04-02
814,2,Peanut Butter Pretzel Nuggets,3294.44,2025-07-06
815,157,Shoe Organizer,3810.37,2025-12-20
816,261,Pet Tracking Collar,1889.91,2025-06-26
817,238,Wall-Mounted Organizer,4187.1,2025-07-14
818,118,Balsamic Salad Dressing,,2025-08-12
819,467,Rechargeable Electric Toothbrush,1257.54,2025-06-08
820,40,Almond Coconut Granola,4634.03,2025-07-10
821,93,Lemon Garlic Shrimp,357.16,2025-09-27
822,485,Compact Electric Kettle,921.74,2025-05-27
823,401,Spinach and Feta Wraps,2303.94,2025-12-09
824,88,Couscous Mix,770.28,2025-02-02
825,347,Maple Chipotle Glaze,2612.75,2025-04-06
826,191,Electric Blanket,4190.85,2025-09-27
827,448,Pet Grooming Brush,3466.25,2025-06-09
828,173,Children's Backpack,2242.12,
829,121,Honey Sriracha Chicken Bites,4217.35,2025-10-27
830,297,Stuffed Peppers with Quinoa,3671.59,
831,276,Photo Album,4766.96,2025-10-08
832,94,Pesto Pasta Salad,4229.65,2025-03-11
833,262,Roasted Red Pepper Sauce,2295.12,2025-04-19
834,84,Fitness Jump Rope with LCD Counter,1681.12,2025-02-28
835,162,Buffalo Sauce,4138.52,2025-10-09
836,411,Asian Stir-Fry Vegetables,,2025-03-09
837,259,Stainless Steel Water Bottle,1777.18,2025-07-08
838,295,Self-Watering Planters,2376.13,2025-01-31
839,196,Chic Jumpsuit,3796.97,2025-07-06
840,376,Wild Rice Pilaf,3400.99,2025-06-16
841,113,Classic BBQ Sauce,759.1,2025-05-23
842,351,Thai Basil Fried Rice,2713.96,2025-01-23
843,513,Pet Grooming Kit,3402.04,
844,249,Electric Toothbrush,1113.28,2025-02-20
845,90,Pasta Sauce Mix,4878.21,2025-09-09
846,204,Scented Soy Candles,1170.28,2025-12-09
847,61,Portable Phone Mug Holder,2431.15,2025-09-25
848,135,Mango Chilli Sauce,,2025-07-31
849,372,Avocados,859.97,2025-05-29
850,542,Portable Grill Cover,1422.83,2025-02-12
851,444,Aged White Cheddar Popcorn,4632.16,2025-02-10
852,26,Organic Whole Grain Oats,3398.04,2025-06-22
853,96,Chocolate Almond Milk,,
854,3,Ricotta Cheese,3656.71,2025-12-14
855,91,Plant Growing Kit,309.39,2025-02-18
856,487,Ceramic Planter Set,4688.4,2025-09-09
857,479,Vegetable Lentil Soup,3476.48,2025-10-18
858,291,Wall Art Stickers,3754.35,2025-05-03
859,203,Honey Nut Cheerios,4620.55,2025-03-06
860,531,Smoked Paprika,3511.03,2025-12-20
861,63,Dill Pickle Chips,3288.31,2025-01-07
862,482,Portable Folding Picnic Table,3199.09,2025-09-03
863,199,Utility Cargo Pants,2090.11,2025-09-14
864,209,LED Desk Light,,2025-12-14
865,479,Noise Cancelling Ear Muffs,1972.24,2025-08-22
866,37,Chipotle Black Bean Burger,3163.1,2025-10-19
867,139,Kids' STEM Robotics Kit,1753.18,2025-05-30
868,196,Sweet Corn Fritters,3330.78,2025-01-08
869,203,Instant Camera,3714.77,2025-08-09
870,159,Lemon Zest Olive Oil,3516.06,2025-08-22
871,62,Wrap Jumpsuit,2935.27,2025-07-14
872,111,Coconut Cream Pie,2399.32,2025-07-05
873,414,Roasted Red Pepper Hummus,655.0,2025-05-26
874,532,Creative Puzzle Game,1052.41,2025-03-23
875,476,Garden Hoses with Expandable Features,3149.56,2025-07-15
876,248,Heart-Shaped Baking Molds,3541.48,2025-08-11
877,160,Faux Fur Throw Blanket,3565.03,2025-01-19
878,228,Vegetable Stock,882.81,2025-12-28
879,70,Pepper Jack Cheese Slices,1740.74,2025-05-04
880,539,Roasted Garlic Pasta Sauce,4821.66,2025-08-10
881,405,Coloring Books for Adults,2744.25,2025-03-18
882,73,Motion Sensor Light,4459.89,2025-10-27
883,434,Puzzle Mat,337.7,2025-03-21
884,47,Free-Range Eggs,1995.52,2025-06-08
885,247,Ceramic Planter Set,1921.95,2025-09-02
886,224,Asian Noodle Salad Kit,2298.99,2025-01-23
887,400,Classic White T-Shirt,4763.03,2025-02-27
888,475,Digital Kitchen Timer,964.71,2025-12-01
889,427,Spicy Roasted Nuts,2822.33,2025-10-26
890,14,Thai Coconut Curry Sauce,2955.39,2025-01-30
891,77,Fitness Jump Box,608.54,2025-10-01
892,46,Cajun Seasoning,3382.93,2025-10-27
893,279,Ribbed Knit Dress,314.32,2025-03-23
894,177,Magnet Travel Fridge Magnets,2366.19,2025-03-06
895,242,Smoky BBQ Jackfruit,4333.87,2025-06-12
896,241,Sweet Pea Hummus,840.45,2025-06-21
897,251,Strawberry Fruit Spread,2954.82,2025-06-09
898,186,Snap-On Tupperware Set,2568.58,2025-05-01
899,254,Chocolate Coconut Granola,4264.49,2025-01-19
900,491,Basil Tomato Soup,2875.25,2025-12-09
901,454,Spicy Chicken Wings,1323.49,2025-02-13
902,406,Pasta (Linguine),530.76,2025-05-11
903,355,Home Brewing Starter Kit,2349.87,2025-11-16
904,195,Scented Candles,3838.87,2025-11-23
905,137,Indian Curry Sauce,3177.36,2025-08-07
906,364,Kids' Gardening Kit,486.71,2025-05-29
907,153,Over-The-Door Shoe Organizer,2608.31,2025-01-08
908,245,Matcha Green Tea Powder,2472.08,2025-08-22
909,335,Chili Lime Corn Chips,1820.93,2025-11-07
910,378,Bamboo Utensil Holder,242.22,2025-04-13
911,481,Garden Kneeler and Seat,3172.76,2025-08-05
912,94,Homestyle Chicken Noodle Soup,4405.38,2025-11-09
913,271,Thai Red Curry Paste,4404.77,2025-04-01
914,535,Motion Sensor Light,2969.31,2025-12-19
915,173,Gluten-Free Bread,3591.29,2025-01-15
916,172,Chocolate Fudge Brownie Mix,3506.22,
917,536,Miso Soup Mix,1229.99,2025-01-22
918,453,Mango Chutney,4388.54,2025-03-24
919,86,Kids' Science Experiment Kit,,2025-12-01
920,104,Miso Soup Starter,2476.52,2025-01-22
921,227,Floral Summer Dress,2454.04,
922,520,Italian Sausage Links,4908.34,2025-09-10
923,277,Artisan Bread,4552.05,2025-05-11
924,296,Tortilla Chips,306.68,2025-10-12
925,251,Chocolate Chip Cliff Bars,4022.62,2025-07-22
926,124,Sriracha Hot Chili Sauce,,2025-09-12
927,361,Maple Syrup,3967.99,2025-02-28
928,171,Nordic Berry Smoothie,670.13,2025-02-28
929,98,Travel Document Organizer,2802.78,2025-02-20
930,258,Coloring Books for Adults,1213.14,2025-02-26
931,199,Dish Soap Dispenser,2751.91,2025-03-10
932,317,Sun-Dried Tomatoes,3408.36,2025-01-10
933,59,Scent Diffuser,3883.66,2025-12-07
934,493,Canvas High-Top Sneakers,4693.88,2025-06-09
935,66,Vegetable Stir-Fry Kit,4941.79,2025-10-18
936,422,Smart Plug,4987.99,2025-05-21
937,227,Board Game Storage,3839.54,2025-06-06
938,539,Chocolate Chip Energy Balls,4247.75,2025-03-01
939,427,Casual Cropped Sweater,2752.14,2025-04-08
940,303,Dog Car Seat Cover,1395.68,2025-03-31
941,71,Garden Hoses with Expandable Features,1603.6,2025-09-04
942,107,Pumpkin Ice Cream,,2025-01-30
943,276,Non-Stick Grill Pan,4391.36,2025-07-10
944,214,Hand Mixer,4076.45,2025-07-11
945,20,Ice Cream,3553.93,2025-01-27
946,302,Gluten-Free Pancake Mix,4089.12,2025-12-30
947,424,Wall-Mounted Organizer,2232.55,
948,370,Spinach Feta Wraps,4676.64,2025-06-10
949,220,Cinnamon Apple Sauce,591.71,2025-12-09
950,345,Sweet Pea Hummus,708.41,2025-09-12
951,488,Flavored Rice Cakes,176.42,2025-12-20
952,394,Graphic Hoodie,97.83,2025-10-29
953,460,Snap-On Tupperware Set,615.95,2025-04-19
954,138,Digital Wireless Meat Thermometer,3031.68,2025-01-22
955,416,Portable USB-C Monitor,4072.59,2025-12-17
956,427,Organic Quinoa Salad,964.31,2025-12-17
957,111,Buttermilk Pancakes,92.17,2025-03-13
958,284,Fashionable Scarves Set,3752.07,2025-12-08
959,320,Fitness Tracker Watch,1606.67,2025-05-11
960,165,Gardening Fairy Figurines,726.04,2025-05-08
961,493,Chocolate Fudge Ice Cream,4184.27,2025-02-02
962,39,Vegetarian Stuffed Peppers,,2025-06-16
963,130,Bamboo Utensil Set,4520.03,2025-05-05
964,534,Sriracha Chili Sauce,3035.02,2025-12-25
965,349,Grapes (red),634.74,2025-07-02
966,324,Dog Waste Bag Dispenser,20.78,2025-07-23
967,17,LED Camping Lantern with USB Charging,2501.95,2025-02-04
968,16,Thai Peanut Noodles,,2025-01-07
969,333,Chocolate Chip Cookie Mix,1748.8,2025-06-12
970,528,Mayonnaise,3724.8,2025-09-23
971,366,Compact Refrigerator,764.13,2025-04-20
972,214,Spinach Feta Wraps,927.73,2025-01-27
973,293,Puff Pastry,3761.76,2025-06-02
974,28,USB Wall Charger,2458.74,2025-10-08
975,291,Rice Pudding,1663.24,2025-06-28
976,365,Stainless Steel Straws,4910.55,2025-10-31
977,367,Pepperoni Pizza Rolls,2609.83,
978,452,Crispy Kale Chips,4707.13,2025-01-01
979,211,LED Desk Lamp with USB Charging,431.23,2025-10-10
980,416,Automatic Pet Feeder,32.77,2025-08-22
981,442,Popcorn Chicken,2233.76,2025-04-22
982,320,Bamboo Utensil Set,4922.56,
983,286,Cranberry Almond Biscotti,2966.05,2025-09-09
984,448,Buffalo Chicken Wraps,828.3,2025-05-06
985,158,Almond Flour Biscuits,511.91,2025-08-15
986,245,Tea Set with Infuser,4586.28,2025-07-15
987,349,Dark Chocolate Raisins,3857.18,
988,187,Fridge Magnet Set,917.07,2025-12-01
989,109,3D Night Light,1098.48,2025-09-17
990,220,Puzzle Game Set,4793.42,2025-08-25
991,65,Solar Power Bank,161.47,2025-06-14
992,410,Orange Ginger Vinaigrette,2860.44,2025-07-20
993,153,Personal Blender with Travel Cup,2338.0,2025-01-14
994,547,Rice Pilaf Mix,2436.86,2025-03-23
995,171,Telescope,2550.14,2025-10-06
996,55,Bluetooth Sleep Headphones,4589.71,2025-12-23
997,297,Travel Organizer,1418.3,2025-01-05
998,166,Wall-Mounted Wine Rack,3797.14,
999,372,Breezy Off-The-Shoulder Top,3698.19,2025-05-29
1000,418,Set of Silicone Cooking Utensils,2762.48,2025-09-29
